PROV;ANYO;N_ACC;VEH_KM;pred_jerarquico
A Coruña;2016;297;2933296177.8;
A Coruña;2017;290;3028173975.0;264.4
A Coruña;2018;249;3121396860.4;297.4
A Coruña;2019;274;3083457836.0;278.9
A Coruña;2021;223;2298253765.3;205.0
A Coruña;2022;243;2988873963.2;241.4
A Coruña;2023;261;3035684778.7;261.5
A Coruña;2024;273;3107972493.6;275.9
Albacete;2016;63;1935082792.2;
Albacete;2017;71;2037273996.0;88.9
Albacete;2018;67;2059429374.1;92.5
Albacete;2019;60;2121202425.6;92.6
Albacete;2021;120;1539662294.7;64.4
Albacete;2022;93;2069785426.7;90.8
Albacete;2023;111;2180057543.5;88.2
Albacete;2024;135;2287623608.6;93.5
Alicante;2016;489;5537544146.0;
Alicante;2017;498;5802574245.0;544.7
Alicante;2018;579;5985945150.4;553.2
Alicante;2019;556;6023804975.0;638.8
Alicante;2021;511;4745005117.8;469.1
Alicante;2022;542;6242067898.1;552.9
Alicante;2023;602;6408168366.0;551.8
Alicante;2024;579;6553020013.2;590.5
Almería;2016;183;2002281855.8;
Almería;2017;225;2122891346.9;202.9
Almería;2018;216;2227943549.5;221.1
Almería;2019;233;2230064811.9;214.8
Almería;2021;187;1593280200.1;156.3
Almería;2022;123;2123997835.0;189.9
Almería;2023;200;2103427405.3;166.7
Almería;2024;180;2128951165.5;181.5
Asturias;2016;303;3498326361.2;
Asturias;2017;350;3501332142.1;318.5
Asturias;2018;340;3555919035.1;363.9
Asturias;2019;329;3606423565.5;365.1
Asturias;2021;275;2799643237.2;264.0
Asturias;2022;279;3507300553.5;270.6
Asturias;2023;285;3565268867.1;288.7
Asturias;2024;287;3659624461.7;298.3
Badajoz;2016;100;2037167511.6;
Badajoz;2017;98;2060031649.8;106.1
Badajoz;2018;123;2216698283.8;119.3
Badajoz;2019;116;2329479722.3;120.0
Badajoz;2021;93;1796831522.3;91.7
Badajoz;2022;118;2282503032.3;108.9
Badajoz;2023;115;2389861931.4;113.4
Badajoz;2024;120;2413596288.8;115.8
Barcelona;2016;825;7337146177.1;
Barcelona;2017;917;7446727218.8;845.6
Barcelona;2018;867;7450610390.8;1038.2
Barcelona;2019;899;7567025691.8;900.4
Barcelona;2021;766;5667547789.2;747.7
Barcelona;2022;1061;7753367640.5;765.3
Barcelona;2023;891;8083832035.4;1130.2
Barcelona;2024;991;8311866744.3;975.5
Bizkaia;2016;15;218400830.6;
Bizkaia;2017;28;226168154.7;18.7
Bizkaia;2018;14;232981095.0;19.2
Burgos;2016;182;2657603130.4;
Burgos;2017;133;2783184697.8;141.4
Burgos;2018;155;2833173635.2;138.7
Burgos;2019;146;2807842209.9;138.0
Burgos;2021;113;2005711997.6;94.5
Burgos;2022;103;2883491884.4;124.3
Burgos;2023;94;2946261593.1;124.2
Burgos;2024;119;3009155045.0;126.9
Cantabria;2016;314;3253237146.8;
Cantabria;2017;356;3306648275.7;321.1
Cantabria;2018;308;3351404786.1;350.6
Cantabria;2019;369;3411401303.9;340.6
Cantabria;2021;273;2679473945.6;279.8
Cantabria;2022;263;3301344466.1;261.9
Cantabria;2023;292;3538416598.3;297.0
Cantabria;2024;295;3563253123.3;306.1
Castellón;2016;126;2143522259.7;
Castellón;2017;136;2231540723.9;151.1
Castellón;2018;162;2229221210.6;163.4
Castellón;2019;129;2302186244.9;161.0
Castellón;2021;140;1925624038.3;128.2
Castellón;2022;188;2751722948.5;186.5
Castellón;2023;241;2805117814.3;186.0
Castellón;2024;217;2885444915.8;214.3
Ciudad Real;2016;110;1834810131.4;
Ciudad Real;2017;107;1871757426.7;101.6
Ciudad Real;2018;111;1946539327.5;108.5
Ciudad Real;2019;91;1972479132.9;103.8
Ciudad Real;2021;87;1487134720.1;75.3
Ciudad Real;2022;102;1991894306.5;98.0
Ciudad Real;2023;86;2030653931.0;99.1
Ciudad Real;2024;92;2022583804.2;98.6
Cuenca;2016;106;2213526369.8;
Cuenca;2017;92;2328798975.2;106.0
Cuenca;2018;80;2376735779.7;111.9
Cuenca;2019;100;2481190344.5;108.3
Cuenca;2021;104;1725954702.4;76.9
Cuenca;2022;118;2526075415.8;107.5
Cuenca;2023;111;2524328900.8;106.1
Cuenca;2024;110;2534075646.2;108.1
Cáceres;2016;80;1752496420.0;
Cáceres;2017;80;1849433710.7;87.0
Cáceres;2018;78;1866194632.7;94.7
Cáceres;2019;106;1941907362.1;89.6
Cáceres;2021;92;1431145453.0;69.6
Cáceres;2022;92;1953571504.4;92.3
Cáceres;2023;74;1993314371.3;90.3
Cáceres;2024;94;2032807288.9;91.3
Cádiz;2016;236;2541074830.4;
Cádiz;2017;296;2771314973.1;245.9
Cádiz;2018;326;2706983622.3;288.4
Cádiz;2019;329;2773112175.2;267.9
Cádiz;2021;274;2145771458.7;219.1
Cádiz;2022;149;2749530302.8;252.1
Cádiz;2023;166;2804080789.6;198.4
Cádiz;2024;178;2932592761.4;228.4
Córdoba;2016;138;1850089530.6;
Córdoba;2017;139;1927133557.6;146.6
Córdoba;2018;147;1998428420.4;159.3
Córdoba;2019;163;2041713260.0;152.5
Córdoba;2021;115;1572195542.6;117.0
Córdoba;2022;159;2040728409.4;139.6
Córdoba;2023;128;2078009717.8;143.9
Córdoba;2024;164;2108072217.8;146.3
Girona;2016;278;2381435788.0;
Girona;2017;309;2444731979.1;281.0
Girona;2018;300;2506450696.7;326.4
Girona;2019;284;2546021103.1;292.2
Girona;2021;242;1853927050.7;203.2
Girona;2022;296;2787043519.2;277.7
Girona;2023;291;2862266198.6;295.6
Girona;2024;299;2930769648.3;315.9
Granada;2016;249;2162431915.3;
Granada;2017;159;2276329302.0;227.8
Granada;2018;206;2304296003.6;213.0
Granada;2019;189;2329086025.3;212.9
Granada;2021;273;1854753359.2;162.3
Granada;2022;204;2369200243.0;230.0
Granada;2023;242;2434730406.3;203.6
Granada;2024;175;2520715761.2;228.7
Guadalajara;2016;108;1435359659.9;
Guadalajara;2017;84;1476235090.5;98.4
Guadalajara;2018;114;1485378647.1;101.7
Guadalajara;2019;101;1590825523.1;104.7
Guadalajara;2021;82;1177730801.7;77.4
Guadalajara;2022;106;1607116518.6;98.2
Guadalajara;2023;112;1638142732.3;104.1
Guadalajara;2024;147;1683731230.4;109.9
Huelva;2016;145;1542123523.6;
Huelva;2017;143;1669518584.6;138.4
Huelva;2018;140;1681805906.8;148.5
Huelva;2019;136;1808343265.7;140.9
Huelva;2021;118;1357438092.8;105.8
Huelva;2022;144;1791073372.2;135.1
Huelva;2023;120;1829783563.5;136.6
Huelva;2024;141;1830553656.8;138.5
Huesca;2016;140;1522244367.3;
Huesca;2017;162;1563216729.5;125.1
Huesca;2018;119;1720866158.6;147.5
Huesca;2019;128;1750145235.1;135.0
Huesca;2021;93;1310207982.1;97.9
Huesca;2022;136;1724008413.8;117.8
Huesca;2023;110;1749814002.7;129.9
Huesca;2024;135;1765031222.9;132.6
Jaén;2016;109;1801654654.6;
Jaén;2017;135;1910970802.9;125.7
Jaén;2018;146;1947928446.2;140.0
Jaén;2019;154;1957083893.0;133.7
Jaén;2021;98;1401486430.0;94.2
Jaén;2022;116;1996380352.0;120.4
Jaén;2023;79;1947299417.2;115.6
Jaén;2024;102;2036537905.7;119.5
La Rioja;2016;136;1479099055.8;
La Rioja;2017;138;1475088556.1;132.2
La Rioja;2018;116;1400117889.0;130.5
La Rioja;2019;116;1443590037.8;125.4
La Rioja;2021;111;1114817878.1;94.9
La Rioja;2022;116;1384532147.6;108.6
La Rioja;2023;116;1427214864.9;113.2
La Rioja;2024;116;1455689789.5;117.5
León;2016;187;1920727212.0;
León;2017;193;1935589067.4;155.3
León;2018;180;1998194055.2;166.3
León;2019;178;2012884145.7;164.5
León;2021;103;1506628261.1;114.7
León;2022;112;1941516283.6;131.7
León;2023;133;2009153798.6;139.5
León;2024;106;2057154566.5;143.0
Lleida;2016;239;1837412754.5;
Lleida;2017;260;1887352961.7;252.4
Lleida;2018;271;1915150251.7;271.7
Lleida;2019;261;1979809179.3;268.9
Lleida;2021;207;1385460120.6;181.1
Lleida;2022;235;1941533834.1;224.9
Lleida;2023;237;2020377163.1;236.4
Lleida;2024;250;2100027870.2;254.3
Lugo;2016;123;1640157371.7;
Lugo;2017;131;1693267098.5;112.1
Lugo;2018;123;1655110242.3;118.9
Lugo;2019;107;1709300023.6;121.3
Lugo;2021;105;1278312235.9;80.8
Lugo;2022;104;1659203838.9;99.4
Lugo;2023;71;1736924244.0;110.4
Lugo;2024;93;1716931440.1;103.4
Madrid;2016;1682;15257981291.5;
Madrid;2017;1676;15595421868.9;1802.6
Madrid;2018;1739;16208274900.5;1915.0
Madrid;2019;1614;15676531491.1;1924.7
Madrid;2021;1287;11660846135.5;1336.2
Madrid;2022;1525;15762624344.8;1045.6
Madrid;2023;1481;16573999003.0;1486.2
Madrid;2024;1391;16839821527.8;1352.9
Murcia;2016;86;3938635753.6;
Murcia;2017;129;4068102238.8;159.5
Murcia;2018;178;4371127113.8;179.9
Murcia;2019;166;4429809783.2;199.0
Murcia;2021;143;3206159453.6;139.5
Murcia;2022;182;4406404202.6;178.8
Murcia;2023;215;4574151967.0;181.6
Murcia;2024;273;5035726821.8;202.7
Málaga;2016;536;4962314535.9;
Málaga;2017;565;5127259172.6;499.2
Málaga;2018;586;5220864022.4;554.5
Málaga;2019;607;5330830449.6;517.8
Málaga;2021;531;3778717920.0;404.8
Málaga;2022;131;5330605036.4;466.0
Málaga;2023;455;5544571364.7;258.1
Málaga;2024;470;5771348816.4;434.8
Navarra;2016;5;137440950.8;
Navarra;2017;7;144636506.0;2.0
Navarra;2018;1;166379052.3;2.3
Navarra;2019;1;166045241.4;2.2
Navarra;2021;3;114557670.0;1.5
Navarra;2022;1;170733261.4;1.9
Navarra;2023;1;164401949.5;2.0
Navarra;2024;1;173923792.1;2.1
Ourense;2016;85;1412798008.7;
Ourense;2017;96;1445718423.0;82.8
Ourense;2018;90;1448113206.8;90.6
Ourense;2019;80;1332802088.7;81.5
Ourense;2021;60;1025753059.3;56.7
Ourense;2022;67;1281924054.7;68.7
Ourense;2023;58;1320027576.3;75.6
Ourense;2024;80;1327348501.8;70.4
Palencia;2016;31;914716426.7;
Palencia;2017;45;906671320.4;38.8
Palencia;2018;44;937803292.7;43.2
Palencia;2019;31;966151165.5;42.5
Palencia;2021;30;720204853.0;30.1
Palencia;2022;35;991433432.1;40.5
Palencia;2023;47;1019095251.4;41.4
Palencia;2024;32;1034995704.2;42.6
Pontevedra;2016;395;2678476744.3;
Pontevedra;2017;478;2700455281.2;365.6
Pontevedra;2018;479;2813975618.5;482.9
Pontevedra;2019;469;2847783719.5;485.2
Pontevedra;2021;335;2170733759.6;337.1
Pontevedra;2022;368;2832141799.6;367.7
Pontevedra;2023;383;2884866792.0;420.0
Pontevedra;2024;376;2861793949.3;405.1
Salamanca;2016;116;1340962578.2;
Salamanca;2017;81;1375747886.2;96.3
Salamanca;2018;122;1413298497.0;99.3
Salamanca;2019;117;1461169065.1;103.5
Salamanca;2021;79;995437515.3;68.8
Salamanca;2022;86;1530465043.6;99.0
Salamanca;2023;86;1474551400.3;94.3
Salamanca;2024;77;1511645091.1;95.5
Segovia;2016;63;1149649621.6;
Segovia;2017;72;1182996322.6;79.5
Segovia;2018;99;1190263019.9;84.4
Segovia;2019;76;1219183761.7;84.3
Segovia;2021;56;858491297.2;57.7
Segovia;2022;77;1177749981.2;74.5
Segovia;2023;89;1238448670.8;79.8
Segovia;2024;96;1257015154.6;81.7
Sevilla;2016;343;4005060336.4;
Sevilla;2017;333;4130992682.3;361.2
Sevilla;2018;421;4303788687.8;393.8
Sevilla;2019;381;4491423021.6;419.9
Sevilla;2021;332;3267362613.1;299.8
Sevilla;2022;336;4669432695.0;376.4
Sevilla;2023;383;4570537598.8;353.1
Sevilla;2024;382;4736857187.3;410.2
Soria;2016;63;908366382.8;
Soria;2017;44;866438083.2;49.1
Soria;2018;57;907042196.4;51.2
Soria;2019;54;855764528.1;47.7
Soria;2021;37;619101354.5;33.6
Soria;2022;37;900873432.3;45.2
Soria;2023;44;937125202.4;47.1
Soria;2024;39;933254672.6;47.7
Tarragona;2016;290;3557020921.8;
Tarragona;2017;298;3730873439.8;306.5
Tarragona;2018;310;3872600471.8;335.7
Tarragona;2019;330;3820846701.5;317.0
Tarragona;2021;256;2975290539.4;257.1
Tarragona;2022;360;4187594138.1;307.9
Tarragona;2023;343;4462390707.3;359.8
Tarragona;2024;369;4511858546.4;374.9
Teruel;2016;72;893583244.3;
Teruel;2017;86;948382108.6;70.0
Teruel;2018;76;1032731525.0;80.9
Teruel;2019;67;1070396778.2;78.1
Teruel;2021;61;748702877.3;53.7
Teruel;2022;75;1041657043.6;71.5
Teruel;2023;66;1218544136.9;81.1
Teruel;2024;81;1821636206.7;122.0
Toledo;2016;295;3968620199.4;
Toledo;2017;291;4161275953.8;296.7
Toledo;2018;280;4334829734.5;320.5
Toledo;2019;283;4484431392.8;304.3
Toledo;2021;250;3162168228.4;216.9
Toledo;2022;284;4547338646.8;285.0
Toledo;2023;343;4678486342.2;303.9
Toledo;2024;281;4707571319.9;328.1
Valencia;2016;687;7295157523.1;
Valencia;2017;690;7521570709.3;693.2
Valencia;2018;755;7820378909.9;720.7
Valencia;2019;743;8160617071.9;791.9
Valencia;2021;613;6453689773.2;631.8
Valencia;2022;613;8414323609.7;666.0
Valencia;2023;621;8780278472.4;641.6
Valencia;2024;650;8900092343.1;647.5
Valladolid;2016;157;2446680517.4;
Valladolid;2017;187;2475107536.0;167.4
Valladolid;2018;198;2566280133.3;190.1
Valladolid;2019;183;2615498490.0;186.2
Valladolid;2021;159;1958437661.7;136.1
Valladolid;2022;141;2582987400.8;167.4
Valladolid;2023;156;2711768282.7;167.5
Valladolid;2024;152;2654566124.3;166.8
Zamora;2016;63;1467029468.5;
Zamora;2017;76;1510488889.9;76.3
Zamora;2018;77;1528296282.0;79.8
Zamora;2019;74;1554033635.9;78.6
Zamora;2021;69;1158356358.0;57.1
Zamora;2022;69;1581611930.1;76.1
Zamora;2023;68;1578482725.7;74.8
Zamora;2024;73;1631141927.7;76.5
Zaragoza;2016;326;4232367289.0;
Zaragoza;2017;456;4403899260.6;371.8
Zaragoza;2018;376;4439662074.5;459.4
Zaragoza;2019;357;4453038600.3;390.4
Zaragoza;2021;337;3406761811.4;295.0
Zaragoza;2022;297;4489447263.4;354.8
Zaragoza;2023;339;4562447411.9;335.9
Zaragoza;2024;324;4697436112.8;372.2
Álava;2016;32;316290633.2;
Álava;2017;24;328494098.0;28.6
Álava;2018;36;294301781.2;26.1
Ávila;2016;83;862859821.2;
Ávila;2017;89;914335691.0;71.7
Ávila;2018;79;907172839.6;73.2
Ávila;2019;46;972239958.7;74.4
Ávila;2021;66;678545978.7;49.0
Ávila;2022;74;931769209.9;67.7
Ávila;2023;65;949894628.8;69.3
Ávila;2024;75;963757699.4;67.8
